period,report_period,ticker,CURRENT ASSETS,Cash and cash equivalents,Cash,Cash equivalents,Short-term investments,_Short-term investments,__Short-term investments,___Short-term investments,Accounts receivable,Trade accounts receivable,Prepayments to suppliers,Intercompany receivables,Construction contract in progress receivables,Other receivables,"Inventories, Net",Inventories,Other current assets,_Other current assets,Short-term prepayments,VAT to be claimed,Other taxes receivable,__Other current assets,___Other current assets,LONG-TERM ASSETS,Long-term trade receivables,Long-term trade receivables from customers,Long-term intercompany receivables,Other long-term receivables,Fixed assets,Tangible fixed assets,Cost,_Cost,__Cost,___Cost,Accumulated depreciation,_Accumulated depreciation,__Accumulated depreciation,___Accumulated depreciation,Finance lease assets,____Cost,_____Cost,______Cost,_______Cost,____Accumulated depreciation,_____Accumulated depreciation,______Accumulated depreciation,_______Accumulated depreciation,Intangible fixed assets,________Cost,_________Cost,__________Cost,___________Cost,________Accumulated depreciation,_________Accumulated depreciation,__________Accumulated depreciation,___________Accumulated depreciation,Construction in progress (before 2015),Investment properties,____________Cost,_____________Cost,______________Cost,_______________Cost,____________Accumulated depreciation,_____________Accumulated depreciation,______________Accumulated depreciation,_______________Accumulated depreciation,Long-term investments,Investments in associates,Other long-term investments,Goodwill (before 2015),Other long-term assets,_Other long-term assets,Long-term prepayments,Deferred income tax assets,__Other long-term assets,___Other long-term assets,Total Assets,Liabilities,Current liabilities,Short-term borrowings,Trade accounts payable,Advances from customers,Taxes and other payable to State Budget,Payable to employees,Accrued expenses,Intercompany payables,Construction contract in progress payables,Other payables,Bonus and welfare funds,Long-term liabilities,Long-term trade payables,Long-term intercompany payables,Other long-term payables,Long-term borrowings,Deferred income tax liabilities,Deferred revenue,Technology-science development fund,Owner's Equity,Capital and reserves,Paid-in capital,Share premium,Owner's other capital,Treasury shares,Differences upon asset revaluation,Foreign exchange differences,Investment and development funds,Financial reserve funds,Other funds,Undistributed earnings,Enterprise arrangement fund,Budget sources and other funds,_Budget sources and other funds,Bonus and welfare funds (Before 2010),__Budget sources and other funds,___Budget sources and other funds,Minority interests (Before 2015),Total resource,Preferred shares,_Preferred shares,Held-to-maturity investment,_Held-to-maturity investment,Shortage of current assets waiting for solution,Short-term loans receivables,Government bonds purchased for resale,_Government bonds purchased for resale,Long-term prepayments to suppliers,Long-term loans receivables,Long-term incomplete assets,Long-term cost of work in progress,__Held-to-maturity investment,___Held-to-maturity investment,"Long-term equipment, material and spare parts",Short-term unrealized revenue,Price stabilization fund,__Government bonds purchased for resale,___Government bonds purchased for resale,Long-term advances from customers,Long-term accrued expenses,Intra-company payables for operating capital received,Convertible bonds,__Preferred shares,___Preferred shares,Common shares,Conversion options on convertible bonds,Beginning accumulated undistributed earnings,Current period undistributed earnings,Construction in progress,Goodwill,Minority interests
2018,year,PNJ,5405256600641.0,206721179629.0,206721179629.0,0.0,0.0,0.0,0.0,0.0,155196257825.0,57664060443.0,57981679202.0,0.0,0.0,39159008338.0,4968145942990.0,4968145942990.0,75193220197.0,0.0,66191416708.0,625511019.0,8376292470.0,75193220197.0,0.0,1032638955963.0,57498444869.0,0.0,0.0,57498444869.0,719287274744.0,225960569846.0,454178423940.0,0.0,499937407873.0,0.0,-228217854094.0,0.0,-6610702975.0,0.0,0.0,454178423940.0,0.0,499937407873.0,0.0,-228217854094.0,0.0,-6610702975.0,0.0,493326704898.0,454178423940.0,0.0,499937407873.0,0.0,-228217854094.0,0.0,-6610702975.0,0.0,0.0,0.0,454178423940.0,0.0,499937407873.0,0.0,-228217854094.0,0.0,-6610702975.0,0.0,0.0,0.0,395271613400.0,0.0,185030555196.0,0.0,99678730358.0,85351824838.0,185030555196.0,0.0,6437895556604.0,2692822128700.0,2677317785700.0,1558482498026.0,342676925196.0,82798544221.0,153579308096.0,228337052181.0,10833940595.0,0.0,0.0,237629562960.0,62979954425.0,15504343000.0,0.0,0.0,628026000.0,7800000000.0,0.0,0.0,0.0,3745073427904.0,3745073427904.0,1670029820000.0,925397862458.0,0.0,-7090000.0,0.0,0.0,265087556918.0,0.0,0.0,884565278528.0,0.0,0.0,0.0,0.0,0.0,0.0,0.0,6437895556604.0,,0.0,0.0,0.0,391509842.0,0.0,0.0,0.0,0.0,0.0,70822681154.0,0.0,0.0,0.0,0.0,0.0,0.0,0.0,0.0,0.0,0.0,0.0,0.0,,0.0,1670029820000.0,0.0,98780546381.0,785784732147.0,70822681154.0,0.0,0.0
2019,year,PNJ,7333364485251.0,95224439008.0,95224439008.0,0.0,0.0,0.0,0.0,0.0,129688313476.0,48292876716.0,74867455343.0,0.0,0.0,5287941028.0,7030420371216.0,7030420371216.0,78031361551.0,0.0,71633378895.0,6306692920.0,91289736.0,78031361551.0,0.0,1269599936565.0,70721623109.0,0.0,0.0,70721623109.0,923870354474.0,263827234353.0,534818699342.0,0.0,679619883005.0,0.0,-270991464989.0,0.0,-19576762884.0,0.0,0.0,534818699342.0,0.0,679619883005.0,0.0,-270991464989.0,0.0,-19576762884.0,0.0,660043120121.0,534818699342.0,0.0,679619883005.0,0.0,-270991464989.0,0.0,-19576762884.0,0.0,0.0,0.0,534818699342.0,0.0,679619883005.0,0.0,-270991464989.0,0.0,-19576762884.0,0.0,0.0,0.0,395271613400.0,0.0,246550560548.0,0.0,158318980481.0,88231580067.0,246550560548.0,0.0,8602964421816.0,4025698610469.0,4017860824469.0,2610902622222.0,690808185195.0,95353052369.0,192682671178.0,222296091737.0,45877630688.0,0.0,0.0,69257739996.0,90682831084.0,7837786000.0,0.0,0.0,476006000.0,3700000000.0,0.0,0.0,0.0,4577265811347.0,4577265811347.0,2252935850000.0,968074112458.0,0.0,-2101090000.0,0.0,0.0,313083556918.0,0.0,0.0,1045273381971.0,0.0,0.0,0.0,0.0,0.0,0.0,0.0,8602964421816.0,,0.0,0.0,0.0,1240040389.0,0.0,0.0,0.0,0.0,0.0,28457398434.0,0.0,0.0,0.0,0.0,0.0,0.0,0.0,0.0,0.0,0.0,0.0,0.0,,0.0,2252935850000.0,0.0,29482225528.0,1015791156443.0,28457398434.0,0.0,0.0
2020,year,PNJ,7143929036497.0,422234781061.0,422234781061.0,0.0,0.0,0.0,0.0,0.0,98997286429.0,67591685619.0,20218946599.0,0.0,0.0,12261206010.0,6545905987056.0,6545905987056.0,76790981951.0,0.0,66112866470.0,10670276957.0,7838524.0,76790981951.0,0.0,1339217061954.0,77310617360.0,0.0,0.0,77310617360.0,931617117533.0,281244232172.0,600464186725.0,0.0,683791142309.0,0.0,-319219954553.0,0.0,-33418256948.0,0.0,0.0,600464186725.0,0.0,683791142309.0,0.0,-319219954553.0,0.0,-33418256948.0,0.0,650372885361.0,600464186725.0,0.0,683791142309.0,0.0,-319219954553.0,0.0,-33418256948.0,0.0,0.0,0.0,600464186725.0,0.0,683791142309.0,0.0,-319219954553.0,0.0,-33418256948.0,0.0,0.0,0.0,395271613400.0,0.0,297285460058.0,0.0,206301766031.0,90983694027.0,297285460058.0,0.0,8483146098451.0,3241284233443.0,3231907356443.0,1839275064065.0,481588464720.0,157182968364.0,214710310923.0,290765645610.0,55520256916.0,0.0,0.0,76978636900.0,115886008945.0,9376877000.0,0.0,0.0,526168000.0,0.0,0.0,0.0,0.0,5241861865008.0,5241861865008.0,2276123620000.0,991261882458.0,0.0,-3384090000.0,0.0,0.0,372779556918.0,0.0,0.0,1605080895632.0,0.0,0.0,0.0,0.0,0.0,0.0,0.0,8483146098451.0,,0.0,0.0,0.0,128327047.0,0.0,0.0,0.0,0.0,0.0,33003867003.0,0.0,0.0,0.0,0.0,0.0,0.0,0.0,0.0,0.0,0.0,0.0,0.0,,0.0,2276123620000.0,0.0,670845205971.0,934235689661.0,33003867003.0,0.0,0.0
2021,year,PNJ,9292192238421.0,355454838957.0,355454838957.0,0.0,0.0,0.0,0.0,0.0,111969758488.0,59930655833.0,30659175548.0,0.0,0.0,22831538994.0,8754741712359.0,8754741712359.0,70025928617.0,0.0,56716921380.0,8705831517.0,4603175720.0,70025928617.0,0.0,1326824308701.0,84131506164.0,0.0,0.0,84131506164.0,909985491983.0,259137188160.0,633614629426.0,0.0,697774918988.0,0.0,-374477441266.0,0.0,-46926615165.0,0.0,0.0,633614629426.0,0.0,697774918988.0,0.0,-374477441266.0,0.0,-46926615165.0,0.0,650848303823.0,633614629426.0,0.0,697774918988.0,0.0,-374477441266.0,0.0,-46926615165.0,0.0,0.0,0.0,633614629426.0,0.0,697774918988.0,0.0,-374477441266.0,0.0,-46926615165.0,0.0,0.0,0.0,395271613400.0,0.0,301911940704.0,0.0,201443147089.0,100468793615.0,301911940704.0,0.0,10619016547122.0,4606382566869.0,4563002409508.0,2721930701144.0,680447298103.0,156729112135.0,309500571902.0,385144216152.0,69534599697.0,0.0,0.0,83404423727.0,126182180160.0,43380157361.0,0.0,0.0,518668000.0,0.0,0.0,0.0,0.0,6012633980253.0,6012633980253.0,2276123620000.0,991261882458.0,0.0,-4908890000.0,0.0,0.0,800503556918.0,0.0,0.0,1949653810877.0,0.0,0.0,0.0,0.0,0.0,0.0,0.0,10619016547122.0,,0.0,0.0,0.0,553186190.0,0.0,0.0,0.0,0.0,0.0,30795369850.0,0.0,0.0,0.0,0.0,0.0,0.0,0.0,0.0,0.0,0.0,0.0,0.0,,0.0,2276123620000.0,0.0,920611645232.0,1029042165645.0,30795369850.0,0.0,0.0
2022,year,PNJ,11966357761798.0,879548130711.0,879548130711.0,0.0,200000000000.0,0.0,200000000000.0,0.0,300880402245.0,56532707659.0,68902837213.0,0.0,0.0,37641170145.0,10506054932284.0,10508065026916.0,79874296558.0,0.0,74007356286.0,5866940272.0,0.0,79874296558.0,0.0,1370766887448.0,93956493011.0,0.0,0.0,93956493011.0,882432821075.0,239734551747.0,672781337441.0,0.0,707010800099.0,0.0,-433046785694.0,0.0,-64312530771.0,0.0,0.0,672781337441.0,0.0,707010800099.0,0.0,-433046785694.0,0.0,-64312530771.0,0.0,642698269328.0,672781337441.0,0.0,707010800099.0,0.0,-433046785694.0,0.0,-64312530771.0,0.0,0.0,0.0,672781337441.0,0.0,707010800099.0,0.0,-433046785694.0,0.0,-64312530771.0,0.0,0.0,0.0,395271613400.0,0.0,363550944173.0,0.0,243656590750.0,119894353423.0,363550944173.0,0.0,13337124649246.0,4893029994396.0,4883064421396.0,2683045875772.0,277212839495.0,222164283405.0,292985361927.0,534807250396.0,453432735944.0,0.0,0.0,227169093119.0,162117674850.0,9965573000.0,0.0,0.0,218668000.0,0.0,0.0,0.0,0.0,8444094654850.0,8444094654850.0,2461716200000.0,2251376032458.0,0.0,-3384090000.0,0.0,0.0,1212120556918.0,0.0,0.0,2522265955474.0,0.0,0.0,0.0,0.0,0.0,0.0,0.0,13337124649246.0,,0.0,200000000000.0,0.0,666596536.0,140000000000.0,0.0,0.0,0.0,0.0,30826629189.0,0.0,200000000000.0,0.0,0.0,0.0,0.0,0.0,0.0,0.0,0.0,0.0,0.0,,0.0,2461716200000.0,0.0,859175348677.0,1663090606797.0,30826629189.0,0.0,0.0
2023,year,PNJ,12958118192260.0,896147917336.0,896147917336.0,0.0,810100000000.0,0.0,810100000000.0,0.0,215035937840.0,69277567110.0,27775617785.0,0.0,0.0,32980198226.0,10940937959289.0,10944749006797.0,95896377795.0,0.0,94051248427.0,1845129368.0,0.0,95896377795.0,0.0,1469439823096.0,104636239106.0,0.0,0.0,104636239106.0,882715109732.0,256373758673.0,747570855214.0,0.0,708071904553.0,0.0,-491197096541.0,0.0,-81730553494.0,0.0,0.0,747570855214.0,0.0,708071904553.0,0.0,-491197096541.0,0.0,-81730553494.0,0.0,626341351059.0,747570855214.0,0.0,708071904553.0,0.0,-491197096541.0,0.0,-81730553494.0,0.0,0.0,0.0,747570855214.0,0.0,708071904553.0,0.0,-491197096541.0,0.0,-81730553494.0,0.0,3980000000.0,0.0,399251613400.0,0.0,449008425848.0,0.0,329182091504.0,119826334344.0,449008425848.0,0.0,14427558015356.0,4621377351380.0,4611956609380.0,2384288254693.0,257304950807.0,215299493413.0,344258054659.0,673116492808.0,307718428978.0,0.0,0.0,228798913738.0,172110827750.0,9420742000.0,0.0,0.0,218668000.0,0.0,0.0,0.0,0.0,9806180663976.0,9806180663976.0,3281691880000.0,1851376032458.0,0.0,-3384090000.0,0.0,0.0,1936397556918.0,0.0,0.0,2740099284600.0,0.0,0.0,0.0,0.0,0.0,0.0,0.0,14427558015356.0,,0.0,810100000000.0,0.0,52235556.0,90000000000.0,0.0,0.0,0.0,0.0,29100048410.0,0.0,810100000000.0,0.0,0.0,0.0,0.0,0.0,0.0,0.0,0.0,0.0,0.0,,0.0,3281691880000.0,0.0,769000107465.0,1971099177135.0,29100048410.0,0.0,0.0
2024,year,PNJ,15692597267632.0,1122712392130.0,1022712392130.0,100000000000.0,1020170000000.0,0.0,1020170000000.0,0.0,401134922152.0,70851635761.0,253102611434.0,0.0,0.0,64867442121.0,13015170477311.0,13074586927914.0,133409476039.0,0.0,132726608716.0,682867323.0,0.0,133409476039.0,0.0,1515133510053.0,115599492454.0,0.0,0.0,115599492454.0,857118818527.0,248430247930.0,796271142120.0,0.0,708142194553.0,0.0,-547840894190.0,0.0,-99453623956.0,0.0,0.0,796271142120.0,0.0,708142194553.0,0.0,-547840894190.0,0.0,-99453623956.0,0.0,608688570597.0,796271142120.0,0.0,708142194553.0,0.0,-547840894190.0,0.0,-99453623956.0,0.0,0.0,0.0,796271142120.0,0.0,708142194553.0,0.0,-547840894190.0,0.0,-99453623956.0,0.0,3980000000.0,0.0,399251613400.0,0.0,473732557913.0,0.0,276525499295.0,197207058618.0,473732557913.0,0.0,17207730777685.0,5952424147163.0,5941881733413.0,3341542016760.0,624291098148.0,188182044409.0,448697283312.0,596322426230.0,360040211420.0,0.0,0.0,106241642105.0,250017302726.0,10542413750.0,0.0,0.0,178668000.0,0.0,0.0,0.0,0.0,11255306630522.0,11255306630522.0,3380747760000.0,1950309912458.0,0.0,-3384090000.0,0.0,0.0,2626281556918.0,0.0,0.0,3301351491146.0,0.0,0.0,0.0,0.0,0.0,0.0,0.0,17207730777685.0,,0.0,1020170000000.0,0.0,831677115.0,40000000000.0,0.0,0.0,0.0,0.0,64702641159.0,0.0,1020170000000.0,0.0,0.0,0.0,0.0,0.0,0.0,0.0,0.0,0.0,0.0,,0.0,3380747760000.0,0.0,1188435208200.0,2112916282946.0,64702641159.0,0.0,0.0
2025,year,PNJ,18614031193890.0,522025257031.0,438425257031.0,83600000000.0,2007488137408.0,97918137408.0,2007488137408.0,97918137408.0,153980309545.0,48760415990.0,38085152243.0,0.0,0.0,90681158676.0,15835334529837.0,15881309718303.0,95202960069.0,0.0,94862372660.0,234579085.0,106008324.0,95202960069.0,0.0,1549599053151.0,121168536356.0,0.0,0.0,121168536356.0,855770473476.0,236245161003.0,845032678156.0,0.0,734945157553.0,0.0,-608787517153.0,0.0,-115419845080.0,0.0,0.0,845032678156.0,0.0,734945157553.0,0.0,-608787517153.0,0.0,-115419845080.0,0.0,619525312473.0,845032678156.0,0.0,734945157553.0,0.0,-608787517153.0,0.0,-115419845080.0,0.0,0.0,0.0,845032678156.0,0.0,734945157553.0,0.0,-608787517153.0,0.0,-115419845080.0,0.0,5930000000.0,0.0,401201613400.0,0.0,472022383285.0,0.0,144500376660.0,327522006625.0,472022383285.0,0.0,20163630247041.0,6888716787629.0,6874318773629.0,4223385635653.0,333861329514.0,182492529057.0,777717691575.0,569308694234.0,321827090456.0,0.0,0.0,103175435252.0,335975695659.0,14398014000.0,0.0,0.0,1715384000.0,0.0,0.0,0.0,0.0,13274913459412.0,13274913459412.0,3413186660000.0,1982694812458.0,0.0,-3384090000.0,0.0,0.0,3471447556918.0,0.0,0.0,4410968520036.0,0.0,0.0,0.0,0.0,0.0,0.0,0.0,20163630247041.0,,0.0,1909570000000.0,0.0,372199982.0,8000000000.0,0.0,0.0,0.0,0.0,94707660034.0,0.0,1909570000000.0,0.0,0.0,0.0,0.0,0.0,0.0,0.0,0.0,0.0,0.0,,0.0,3413186660000.0,0.0,1582471057146.0,2828497462890.0,94707660034.0,0.0,0.0
2018-Q1,quarter,PNJ,3872677138687.0,81899944010.0,81899944010.0,0.0,65000000.0,0.0,65000000.0,0.0,108604897949.0,52858316685.0,44366799350.0,0.0,0.0,11323958943.0,3607975543026.0,3607975543026.0,74131753702.0,0.0,63568914271.0,140428998.0,10422410433.0,74131753702.0,0.0,815719289943.0,46243189214.0,0.0,0.0,46243189214.0,668852820114.0,208184182822.0,408320249245.0,0.0,466255407873.0,0.0,-200136066423.0,0.0,-5586770581.0,0.0,0.0,408320249245.0,0.0,466255407873.0,0.0,-200136066423.0,0.0,-5586770581.0,0.0,460668637292.0,408320249245.0,0.0,466255407873.0,0.0,-200136066423.0,0.0,-5586770581.0,0.0,0.0,0.0,408320249245.0,0.0,466255407873.0,0.0,-200136066423.0,0.0,-5586770581.0,0.0,0.0,0.0,395271613400.0,0.0,66037970399.0,0.0,63598950975.0,2439019424.0,66037970399.0,0.0,4688396428630.0,1489492690119.0,1403604033119.0,700313899131.0,275576128719.0,44632906145.0,129889730744.0,70449350137.0,91121991970.0,0.0,0.0,52039611743.0,38211978166.0,85888657000.0,0.0,0.0,628026000.0,78184314000.0,0.0,0.0,0.0,3198903738511.0,3198903738511.0,1081020340000.0,876761282458.0,0.0,-7090000.0,0.0,0.0,220087556918.0,0.0,0.0,1021041649135.0,0.0,0.0,0.0,0.0,0.0,0.0,0.0,4688396428630.0,,0.0,65000000.0,0.0,55822971.0,0.0,0.0,0.0,0.0,0.0,34585310216.0,0.0,65000000.0,0.0,0.0,1368436364.0,0.0,0.0,0.0,0.0,0.0,0.0,0.0,,0.0,1081020340000.0,0.0,684781388701.0,336260260434.0,34585310216.0,0.0,0.0
2018-Q2,quarter,PNJ,4233070851415.0,96738062787.0,96738062787.0,0.0,65000000.0,0.0,65000000.0,0.0,125498489397.0,43292478993.0,50739682013.0,0.0,0.0,30841097634.0,3936094231986.0,3936094231986.0,74675067245.0,0.0,73812319458.0,17710481.0,845037306.0,74675067245.0,0.0,940610834341.0,49007477674.0,0.0,0.0,49007477674.0,683360736408.0,223173751581.0,430114267619.0,0.0,466255407873.0,0.0,-206940516038.0,0.0,-6068423046.0,0.0,0.0,430114267619.0,0.0,466255407873.0,0.0,-206940516038.0,0.0,-6068423046.0,0.0,460186984827.0,430114267619.0,0.0,466255407873.0,0.0,-206940516038.0,0.0,-6068423046.0,0.0,0.0,0.0,430114267619.0,0.0,466255407873.0,0.0,-206940516038.0,0.0,-6068423046.0,0.0,0.0,0.0,395271613400.0,0.0,151729541293.0,0.0,70236199189.0,81493342104.0,151729541293.0,0.0,5173681685756.0,1806969622460.0,1747623490460.0,985614342214.0,301009754820.0,44737781196.0,126316564473.0,98379415302.0,72012176675.0,0.0,0.0,46534240079.0,73019215701.0,59346132000.0,0.0,0.0,628026000.0,51641789000.0,0.0,0.0,0.0,3366712063296.0,3366712063296.0,1621393240000.0,876761282458.0,0.0,-7090000.0,0.0,0.0,265087556918.0,0.0,0.0,603477073920.0,0.0,0.0,0.0,0.0,0.0,0.0,0.0,5173681685756.0,,0.0,65000000.0,0.0,625230757.0,0.0,0.0,0.0,0.0,0.0,56513078966.0,0.0,65000000.0,0.0,0.0,0.0,0.0,0.0,0.0,0.0,0.0,0.0,0.0,,0.0,1621393240000.0,0.0,86780546381.0,516696527539.0,56513078966.0,0.0,0.0
2018-Q3,quarter,PNJ,4491049840793.0,117587302131.0,117587302131.0,0.0,0.0,0.0,0.0,0.0,171250035910.0,68342873558.0,55978181269.0,0.0,0.0,46706677475.0,4124177973673.0,4124177973673.0,78034529079.0,0.0,74771861813.0,225278740.0,3037388526.0,78034529079.0,0.0,990183116721.0,51390752399.0,0.0,0.0,51390752399.0,684360427987.0,224935778959.0,442861017336.0,0.0,466255407873.0,0.0,-217925238377.0,0.0,-6830758845.0,0.0,0.0,442861017336.0,0.0,466255407873.0,0.0,-217925238377.0,0.0,-6830758845.0,0.0,459424649028.0,442861017336.0,0.0,466255407873.0,0.0,-217925238377.0,0.0,-6830758845.0,0.0,0.0,0.0,442861017336.0,0.0,466255407873.0,0.0,-217925238377.0,0.0,-6830758845.0,0.0,0.0,0.0,395271613400.0,0.0,167087146345.0,0.0,85593804241.0,81493342104.0,167087146345.0,0.0,5481232957514.0,2098971628269.0,2072792761269.0,1286629994818.0,238769179301.0,66178193807.0,126713476707.0,125329930398.0,68827146590.0,0.0,0.0,89731940091.0,70612899557.0,26178867000.0,0.0,0.0,628026000.0,18474524000.0,0.0,0.0,0.0,3382261329245.0,3382261329245.0,1621393240000.0,876761282458.0,0.0,-7090000.0,0.0,0.0,265087556918.0,0.0,0.0,619026339869.0,0.0,0.0,0.0,0.0,0.0,0.0,0.0,5481232957514.0,,0.0,0.0,0.0,222303608.0,0.0,0.0,0.0,0.0,0.0,87344789990.0,0.0,0.0,0.0,0.0,0.0,0.0,0.0,0.0,0.0,0.0,0.0,0.0,,0.0,1621393240000.0,0.0,86780546381.0,532245793488.0,87344789990.0,0.0,0.0
2018-Q4,quarter,PNJ,5280216054578.0,206721179629.0,206721179629.0,0.0,0.0,0.0,0.0,0.0,175780393688.0,79066643790.0,57981679200.0,0.0,0.0,36637359679.0,4815524650057.0,4815524650057.0,82189831204.0,0.0,74326002109.0,643511019.0,7220318076.0,82189831204.0,0.0,1022969076235.0,57498444869.0,0.0,0.0,57498444869.0,719287274744.0,225960569846.0,454178423940.0,0.0,499937407873.0,0.0,-228217854094.0,0.0,-6610702975.0,0.0,0.0,454178423940.0,0.0,499937407873.0,0.0,-228217854094.0,0.0,-6610702975.0,0.0,493326704898.0,454178423940.0,0.0,499937407873.0,0.0,-228217854094.0,0.0,-6610702975.0,0.0,0.0,0.0,454178423940.0,0.0,499937407873.0,0.0,-228217854094.0,0.0,-6610702975.0,0.0,0.0,0.0,395271613400.0,0.0,178199566632.0,0.0,96381505058.0,81818061574.0,178199566632.0,0.0,6303185130813.0,2557872112611.0,2542367769611.0,1558482498026.0,290712774787.0,103181369233.0,150202223094.0,228776696273.0,10434942251.0,0.0,0.0,137597311522.0,62979954425.0,15504343000.0,0.0,0.0,628026000.0,7800000000.0,0.0,0.0,0.0,3745313018202.0,3745313018202.0,1670029820000.0,925397862458.0,0.0,-7090000.0,0.0,0.0,265087556918.0,0.0,0.0,884804868826.0,0.0,0.0,0.0,0.0,0.0,0.0,0.0,6303185130813.0,,0.0,0.0,0.0,2094711019.0,0.0,0.0,0.0,0.0,0.0,67983789990.0,0.0,0.0,0.0,0.0,0.0,0.0,0.0,0.0,0.0,0.0,0.0,0.0,,0.0,1670029820000.0,0.0,86780546381.0,798024322445.0,67983789990.0,0.0,0.0
2019-Q1,quarter,PNJ,5065794862560.0,94972214431.0,94972214431.0,0.0,0.0,0.0,0.0,0.0,263389389780.0,147395582659.0,62743702172.0,0.0,0.0,50950513401.0,4643581939618.0,4643581939618.0,63851318731.0,0.0,59677075602.0,2192126318.0,1982116811.0,63851318731.0,0.0,1086357374791.0,59632337327.0,0.0,0.0,59632337327.0,723934807053.0,231902366695.0,470876231899.0,0.0,501602243873.0,0.0,-238973865204.0,0.0,-9569803515.0,0.0,0.0,470876231899.0,0.0,501602243873.0,0.0,-238973865204.0,0.0,-9569803515.0,0.0,492032440358.0,470876231899.0,0.0,501602243873.0,0.0,-238973865204.0,0.0,-9569803515.0,0.0,0.0,0.0,470876231899.0,0.0,501602243873.0,0.0,-238973865204.0,0.0,-9569803515.0,0.0,0.0,0.0,395271613400.0,0.0,190175808175.0,0.0,104823983337.0,85351824838.0,190175808175.0,0.0,6152152237351.0,2111934312567.0,2096859969567.0,1103495374698.0,341049411915.0,70557838216.0,196591449393.0,152418916761.0,90365176372.0,0.0,0.0,85559376981.0,56822425231.0,15074343000.0,0.0,0.0,598026000.0,7400000000.0,0.0,0.0,0.0,4040217924784.0,4040217924784.0,1670029820000.0,925397862458.0,0.0,-7090000.0,0.0,0.0,265087556918.0,0.0,0.0,1179709775408.0,0.0,0.0,0.0,0.0,0.0,0.0,0.0,6152152237351.0,,0.0,0.0,0.0,2299591548.0,0.0,0.0,0.0,0.0,0.0,112614422236.0,0.0,0.0,0.0,0.0,0.0,0.0,0.0,0.0,0.0,0.0,0.0,0.0,,0.0,1670029820000.0,0.0,750963460128.0,428746315280.0,112614422236.0,0.0,0.0
2019-Q2,quarter,PNJ,5333229717294.0,121615518832.0,121615518832.0,0.0,0.0,0.0,0.0,0.0,219769348628.0,93164620545.0,113793516156.0,0.0,0.0,11603124204.0,4934047011207.0,4934047011207.0,57797838627.0,0.0,52797830421.0,3502561606.0,1497446600.0,57797838627.0,0.0,1193267841816.0,61170071942.0,0.0,0.0,61170071942.0,810221547394.0,255310823066.0,503270415377.0,0.0,567432243873.0,0.0,-247959592311.0,0.0,-12521519545.0,0.0,0.0,503270415377.0,0.0,567432243873.0,0.0,-247959592311.0,0.0,-12521519545.0,0.0,554910724328.0,503270415377.0,0.0,567432243873.0,0.0,-247959592311.0,0.0,-12521519545.0,0.0,0.0,0.0,503270415377.0,0.0,567432243873.0,0.0,-247959592311.0,0.0,-12521519545.0,0.0,0.0,0.0,395271613400.0,0.0,208173157692.0,0.0,122821332854.0,85351824838.0,208173157692.0,0.0,6526497559110.0,2433963524658.0,2422425738658.0,1447517973488.0,305687913517.0,81603564435.0,132280576545.0,199871808348.0,40345318145.0,0.0,0.0,114553967182.0,100564616998.0,11537786000.0,0.0,0.0,476006000.0,7400000000.0,0.0,0.0,0.0,4092534034452.0,4092534034452.0,2226679600000.0,925397862458.0,0.0,-7090000.0,0.0,0.0,313083556918.0,0.0,0.0,627380105076.0,0.0,0.0,0.0,0.0,0.0,0.0,0.0,6526497559110.0,,0.0,0.0,0.0,1208087723.0,0.0,0.0,0.0,0.0,0.0,113703064788.0,0.0,0.0,0.0,0.0,0.0,0.0,0.0,0.0,0.0,0.0,0.0,0.0,,0.0,2226679600000.0,0.0,29482225528.0,597897879548.0,113703064788.0,0.0,0.0
2019-Q3,quarter,PNJ,6396512783624.0,96330641186.0,96330641186.0,0.0,0.0,0.0,0.0,0.0,329967505655.0,200155139928.0,115276318562.0,0.0,0.0,12944421138.0,5892523509005.0,5892523509005.0,77691127778.0,0.0,62420873210.0,4580359669.0,10689894899.0,77691127778.0,0.0,1229039043471.0,66585290259.0,0.0,0.0,66585290259.0,899585263279.0,259767826448.0,518052423501.0,0.0,655212837322.0,0.0,-258284597053.0,0.0,-15395400491.0,0.0,0.0,518052423501.0,0.0,655212837322.0,0.0,-258284597053.0,0.0,-15395400491.0,0.0,639817436831.0,518052423501.0,0.0,655212837322.0,0.0,-258284597053.0,0.0,-15395400491.0,0.0,0.0,0.0,518052423501.0,0.0,655212837322.0,0.0,-258284597053.0,0.0,-15395400491.0,0.0,0.0,0.0,395271613400.0,0.0,234365501693.0,0.0,149013676855.0,85351824838.0,234365501693.0,0.0,7625551827095.0,3505252235260.0,3493714449260.0,2266464058852.0,451958758322.0,76729280441.0,158867495026.0,210998887668.0,142100382129.0,0.0,0.0,91504452598.0,95091134224.0,11537786000.0,0.0,0.0,476006000.0,7400000000.0,0.0,0.0,0.0,4120299591835.0,4120299591835.0,2226679600000.0,925397862458.0,0.0,-2101090000.0,0.0,0.0,313083556918.0,0.0,0.0,657239662459.0,0.0,0.0,0.0,0.0,0.0,0.0,0.0,7625551827095.0,,0.0,0.0,0.0,1591626027.0,0.0,0.0,0.0,0.0,0.0,28502988240.0,0.0,0.0,0.0,0.0,0.0,0.0,0.0,0.0,0.0,0.0,0.0,0.0,,0.0,2226679600000.0,0.0,29482225528.0,627757436931.0,28502988240.0,0.0,0.0
2019-Q4,quarter,PNJ,7330560395743.0,95224439008.0,95224439008.0,0.0,0.0,0.0,0.0,0.0,138567465634.0,46187271392.0,72063365836.0,0.0,0.0,19076788017.0,7018737129550.0,7018737129550.0,78031361551.0,0.0,71633378895.0,6306692920.0,91289736.0,78031361551.0,0.0,1269751574731.0,70721623109.0,0.0,0.0,70721623109.0,923870354474.0,263827234353.0,534818699342.0,0.0,679619883005.0,0.0,-270991464989.0,0.0,-19576762884.0,0.0,0.0,534818699342.0,0.0,679619883005.0,0.0,-270991464989.0,0.0,-19576762884.0,0.0,660043120121.0,534818699342.0,0.0,679619883005.0,0.0,-270991464989.0,0.0,-19576762884.0,0.0,0.0,0.0,534818699342.0,0.0,679619883005.0,0.0,-270991464989.0,0.0,-19576762884.0,0.0,0.0,0.0,395271613400.0,0.0,246702198714.0,0.0,158318980481.0,88383218233.0,246702198714.0,0.0,8600311970474.0,4026276679791.0,4018438893791.0,2610902622222.0,688004095688.0,95353052369.0,192026679178.0,222296091737.0,46635821517.0,0.0,0.0,72537699996.0,90682831084.0,7837786000.0,0.0,0.0,476006000.0,3700000000.0,0.0,0.0,0.0,4574035290683.0,4574035290683.0,2252935850000.0,968074112458.0,0.0,-2101090000.0,0.0,0.0,313083556918.0,0.0,0.0,1042042861307.0,0.0,0.0,0.0,0.0,0.0,0.0,0.0,8600311970474.0,,0.0,0.0,0.0,1240040389.0,0.0,0.0,0.0,0.0,0.0,28457398434.0,0.0,0.0,0.0,0.0,0.0,0.0,0.0,0.0,0.0,0.0,0.0,0.0,,0.0,2252935850000.0,0.0,29482225528.0,1012560635779.0,28457398434.0,0.0,0.0
2020-Q1,quarter,PNJ,7097183484440.0,302103503463.0,302103503463.0,0.0,0.0,0.0,0.0,0.0,139070900485.0,53382826315.0,72509054776.0,0.0,0.0,11011528651.0,6588676104694.0,6588676104694.0,67332975798.0,0.0,60429814925.0,6865377559.0,37783314.0,67332975798.0,0.0,1292238930273.0,76235813750.0,0.0,0.0,76235813750.0,936470578613.0,278663174279.0,563385398896.0,0.0,681029430507.0,0.0,-284722224617.0,0.0,-23222026173.0,0.0,0.0,563385398896.0,0.0,681029430507.0,0.0,-284722224617.0,0.0,-23222026173.0,0.0,657807404334.0,563385398896.0,0.0,681029430507.0,0.0,-284722224617.0,0.0,-23222026173.0,0.0,0.0,0.0,563385398896.0,0.0,681029430507.0,0.0,-284722224617.0,0.0,-23222026173.0,0.0,0.0,0.0,395271613400.0,0.0,249837042932.0,0.0,160883811098.0,88953231834.0,249837042932.0,0.0,8389422414713.0,3403894433583.0,3396056647583.0,2411542316831.0,432421276771.0,74832469996.0,158598486391.0,115766034437.0,18393952496.0,0.0,0.0,99854916541.0,84647194120.0,7837786000.0,0.0,0.0,476006000.0,3700000000.0,0.0,0.0,0.0,4985527981130.0,4985527981130.0,2252935850000.0,968074112458.0,0.0,-2101090000.0,0.0,0.0,313083556918.0,0.0,0.0,1453535551754.0,0.0,0.0,0.0,0.0,0.0,0.0,0.0,8389422414713.0,,0.0,0.0,0.0,2167490743.0,0.0,0.0,0.0,0.0,0.0,29695494978.0,0.0,0.0,0.0,0.0,0.0,0.0,0.0,0.0,0.0,0.0,0.0,0.0,,0.0,2252935850000.0,0.0,1045273381971.0,408262169783.0,29695494978.0,0.0,0.0
2020-Q2,quarter,PNJ,6863106067235.0,229987203630.0,229987203630.0,0.0,0.0,0.0,0.0,0.0,129548501902.0,45798596584.0,68140354530.0,0.0,0.0,14069859353.0,6429976715037.0,6429976715037.0,73593646666.0,0.0,65553686604.0,7970904559.0,69055503.0,73593646666.0,0.0,1299227844894.0,76854821913.0,0.0,0.0,76854821913.0,938076521741.0,283914685867.0,580935131908.0,0.0,681029430507.0,0.0,-297020446041.0,0.0,-26867594633.0,0.0,0.0,580935131908.0,0.0,681029430507.0,0.0,-297020446041.0,0.0,-26867594633.0,0.0,654161835874.0,580935131908.0,0.0,681029430507.0,0.0,-297020446041.0,0.0,-26867594633.0,0.0,0.0,0.0,580935131908.0,0.0,681029430507.0,0.0,-297020446041.0,0.0,-26867594633.0,0.0,0.0,0.0,395271613400.0,0.0,253105230252.0,0.0,164222484028.0,88882746224.0,253105230252.0,0.0,8162333912129.0,3461160621841.0,3453322835841.0,2643717877980.0,172006884466.0,61982838768.0,147907765303.0,160306714166.0,20443833075.0,0.0,0.0,106149400236.0,140807521847.0,7837786000.0,0.0,0.0,476006000.0,3700000000.0,0.0,0.0,0.0,4701173290288.0,4701173290288.0,2252935850000.0,968074112458.0,0.0,-3384090000.0,0.0,0.0,372779556918.0,0.0,0.0,1110767860912.0,0.0,0.0,0.0,0.0,0.0,0.0,0.0,8162333912129.0,,0.0,0.0,0.0,1539691435.0,0.0,0.0,0.0,0.0,0.0,31191270988.0,0.0,0.0,0.0,0.0,0.0,0.0,0.0,0.0,0.0,0.0,0.0,0.0,,0.0,2252935850000.0,0.0,670845205971.0,439922654941.0,31191270988.0,0.0,0.0
2020-Q3,quarter,PNJ,6786221907161.0,232282631402.0,232282631402.0,0.0,0.0,0.0,0.0,0.0,152348983567.0,59036808240.0,66233386070.0,0.0,0.0,26585347055.0,6325882645841.0,6325882645841.0,75707646351.0,0.0,67350477475.0,8357168876.0,0.0,75707646351.0,0.0,1304820087941.0,76108442474.0,0.0,0.0,76108442474.0,930591478766.0,279706040356.0,586873157527.0,0.0,681029430507.0,0.0,-307167117171.0,0.0,-30143992097.0,0.0,0.0,586873157527.0,0.0,681029430507.0,0.0,-307167117171.0,0.0,-30143992097.0,0.0,650885438410.0,586873157527.0,0.0,681029430507.0,0.0,-307167117171.0,0.0,-30143992097.0,0.0,0.0,0.0,586873157527.0,0.0,681029430507.0,0.0,-307167117171.0,0.0,-30143992097.0,0.0,0.0,0.0,395271613400.0,0.0,267575282472.0,0.0,178338251629.0,89237030843.0,267575282472.0,0.0,8091041995102.0,3187782828715.0,3179894880715.0,2256805035825.0,144407807649.0,119197760835.0,194904642031.0,186462492422.0,31908457124.0,0.0,0.0,112160564629.0,134048120200.0,7887948000.0,0.0,0.0,526168000.0,3700000000.0,0.0,0.0,0.0,4903259166387.0,4903259166387.0,2252935850000.0,968074112458.0,0.0,-3384090000.0,0.0,0.0,372779556918.0,0.0,0.0,1312853737011.0,0.0,0.0,0.0,0.0,0.0,0.0,0.0,8091041995102.0,,0.0,0.0,0.0,493442202.0,0.0,0.0,0.0,0.0,0.0,30544884229.0,0.0,0.0,0.0,0.0,0.0,0.0,0.0,0.0,0.0,0.0,0.0,0.0,,0.0,2252935850000.0,0.0,670845205971.0,642008531040.0,30544884229.0,0.0,0.0
2020-Q4,quarter,PNJ,7144153839482.0,422234781061.0,422234781061.0,0.0,0.0,0.0,0.0,0.0,100363015565.0,67591685619.0,20451588108.0,0.0,0.0,13394293637.0,6544772899429.0,6544772899429.0,76783143427.0,0.0,66112866470.0,10670276957.0,0.0,76783143427.0,0.0,1339217061954.0,77310617360.0,0.0,0.0,77310617360.0,931617117533.0,281244232172.0,600464186725.0,0.0,683791142309.0,0.0,-319219954553.0,0.0,-33418256948.0,0.0,0.0,600464186725.0,0.0,683791142309.0,0.0,-319219954553.0,0.0,-33418256948.0,0.0,650372885361.0,600464186725.0,0.0,683791142309.0,0.0,-319219954553.0,0.0,-33418256948.0,0.0,0.0,0.0,600464186725.0,0.0,683791142309.0,0.0,-319219954553.0,0.0,-33418256948.0,0.0,0.0,0.0,395271613400.0,0.0,297285460058.0,0.0,206301766031.0,90983694027.0,297285460058.0,0.0,8483370901436.0,3241509036428.0,3232132159428.0,1839275064065.0,481821106229.0,157182968364.0,214702472399.0,290765645610.0,55520256916.0,0.0,0.0,76978636900.0,115886008945.0,9376877000.0,0.0,0.0,526168000.0,0.0,0.0,0.0,0.0,5241861865008.0,5241861865008.0,2276123620000.0,991261882458.0,0.0,-3384090000.0,0.0,0.0,372779556918.0,0.0,0.0,1605080895632.0,0.0,0.0,0.0,0.0,0.0,0.0,0.0,8483370901436.0,,0.0,0.0,0.0,128327047.0,0.0,0.0,0.0,0.0,0.0,33003867003.0,0.0,0.0,0.0,0.0,0.0,0.0,0.0,0.0,0.0,0.0,0.0,0.0,,0.0,2276123620000.0,0.0,670845205971.0,934235689661.0,33003867003.0,0.0,0.0
2021-Q1,quarter,PNJ,6821147568701.0,213388374979.0,213388374979.0,0.0,0.0,0.0,0.0,0.0,120418640082.0,61192969179.0,48183706864.0,0.0,0.0,11970174389.0,6420735030803.0,6420735030803.0,66605522837.0,0.0,55998926525.0,10606596312.0,0.0,66605522837.0,0.0,1315064563507.0,77589358997.0,0.0,0.0,77589358997.0,917377116513.0,270420829696.0,602919813152.0,0.0,683791742309.0,0.0,-332498983456.0,0.0,-36835455492.0,0.0,0.0,602919813152.0,0.0,683791742309.0,0.0,-332498983456.0,0.0,-36835455492.0,0.0,646956286817.0,602919813152.0,0.0,683791742309.0,0.0,-332498983456.0,0.0,-36835455492.0,0.0,0.0,0.0,602919813152.0,0.0,683791742309.0,0.0,-332498983456.0,0.0,-36835455492.0,0.0,0.0,0.0,395271613400.0,0.0,287170440188.0,0.0,196308248556.0,90862191632.0,287170440188.0,0.0,8136212132208.0,2383262858390.0,2374110981390.0,1111925863523.0,413490071429.0,114385751460.0,212085858151.0,251060289144.0,84652871026.0,0.0,0.0,92099566043.0,94410710614.0,9151877000.0,0.0,0.0,301168000.0,0.0,0.0,0.0,0.0,5752949273818.0,5752949273818.0,2276123620000.0,991261882458.0,0.0,-4908890000.0,0.0,0.0,372779556918.0,0.0,0.0,2117693104442.0,0.0,0.0,0.0,0.0,0.0,0.0,0.0,8136212132208.0,,0.0,0.0,0.0,274668496.0,0.0,0.0,0.0,0.0,0.0,32927647809.0,0.0,0.0,0.0,0.0,0.0,0.0,0.0,0.0,0.0,0.0,0.0,0.0,,0.0,2276123620000.0,0.0,1605080895632.0,512612208810.0,32927647809.0,0.0,0.0
2021-Q2,quarter,PNJ,7870491749539.0,249812159909.0,249812159909.0,0.0,0.0,0.0,0.0,0.0,105113932707.0,27155810763.0,64702563720.0,0.0,0.0,14256045594.0,7451118456406.0,7451118456406.0,64447200517.0,0.0,54521836770.0,9911328588.0,14035159.0,64447200517.0,0.0,1305162162313.0,82975928164.0,0.0,0.0,82975928164.0,920192115698.0,261598792994.0,607721554166.0,0.0,697774918988.0,0.0,-346122761172.0,0.0,-39181596284.0,0.0,0.0,607721554166.0,0.0,697774918988.0,0.0,-346122761172.0,0.0,-39181596284.0,0.0,658593322704.0,607721554166.0,0.0,697774918988.0,0.0,-346122761172.0,0.0,-39181596284.0,0.0,0.0,0.0,607721554166.0,0.0,697774918988.0,0.0,-346122761172.0,0.0,-39181596284.0,0.0,0.0,0.0,395271613400.0,0.0,268543499304.0,0.0,186666335287.0,81877164017.0,268543499304.0,0.0,9175653911852.0,3456792784634.0,3447640907634.0,2125777008055.0,379184629647.0,132713498796.0,158089534447.0,291888685020.0,116139908395.0,0.0,0.0,104392816660.0,139454826614.0,9151877000.0,0.0,0.0,301168000.0,0.0,0.0,0.0,0.0,5718861127218.0,5718861127218.0,2276123620000.0,991261882458.0,0.0,-4908890000.0,0.0,0.0,800503556918.0,0.0,0.0,1655880957842.0,0.0,0.0,0.0,0.0,0.0,0.0,0.0,9175653911852.0,,0.0,0.0,0.0,202391476.0,0.0,0.0,0.0,0.0,0.0,33450619147.0,33450619147.0,0.0,0.0,0.0,0.0,0.0,0.0,0.0,0.0,0.0,0.0,0.0,,0.0,2276123620000.0,0.0,920611645232.0,735269312610.0,0.0,0.0,0.0
2021-Q3,quarter,PNJ,7887307408212.0,192167536492.0,192167536492.0,0.0,0.0,0.0,0.0,0.0,130549895333.0,27761075083.0,88334752951.0,0.0,0.0,15353188177.0,7509947396534.0,7509947396534.0,54642579853.0,0.0,45311034712.0,9331545141.0,0.0,54642579853.0,0.0,1281574284269.0,82687340927.0,0.0,0.0,82687340927.0,907945361625.0,252769237465.0,609372262097.0,0.0,698845976739.0,0.0,-356603024632.0,0.0,-43669852579.0,0.0,0.0,609372262097.0,0.0,698845976739.0,0.0,-356603024632.0,0.0,-43669852579.0,0.0,655176124160.0,609372262097.0,0.0,698845976739.0,0.0,-356603024632.0,0.0,-43669852579.0,0.0,0.0,0.0,609372262097.0,0.0,698845976739.0,0.0,-356603024632.0,0.0,-43669852579.0,0.0,0.0,0.0,395271613400.0,0.0,257490962570.0,0.0,175099517123.0,82391445447.0,257490962570.0,0.0,9168881692481.0,3609548956327.0,3600397079327.0,2418927507939.0,311365911858.0,162632431069.0,109456822717.0,250864628947.0,113710406371.0,0.0,0.0,100906556409.0,132532814017.0,9151877000.0,0.0,0.0,301168000.0,0.0,0.0,0.0,0.0,5559332736154.0,5559332736154.0,2276123620000.0,991261882458.0,0.0,-4908890000.0,0.0,0.0,800503556918.0,0.0,0.0,1496352566778.0,0.0,0.0,0.0,0.0,0.0,0.0,0.0,9168881692481.0,,0.0,0.0,0.0,303757968.0,0.0,0.0,0.0,0.0,0.0,33450619147.0,0.0,0.0,0.0,0.0,0.0,0.0,0.0,0.0,0.0,0.0,0.0,0.0,,0.0,2276123620000.0,0.0,920611645232.0,575740921546.0,33450619147.0,0.0,0.0
2021-Q4,quarter,PNJ,9220118021024.0,357670904557.0,357670904557.0,0.0,0.0,0.0,0.0,0.0,110020597981.0,59935266423.0,32879654451.0,0.0,0.0,18351620664.0,8686598916157.0,8686598916157.0,65827602329.0,0.0,56816921380.0,8705831517.0,304849432.0,65827602329.0,0.0,1326524308701.0,83831506164.0,0.0,0.0,83831506164.0,909985491983.0,259137188160.0,633614629426.0,0.0,698845976739.0,0.0,-374477441266.0,0.0,-47997672916.0,0.0,0.0,633614629426.0,0.0,698845976739.0,0.0,-374477441266.0,0.0,-47997672916.0,0.0,650848303823.0,633614629426.0,0.0,698845976739.0,0.0,-374477441266.0,0.0,-47997672916.0,0.0,0.0,0.0,633614629426.0,0.0,698845976739.0,0.0,-374477441266.0,0.0,-47997672916.0,0.0,0.0,0.0,395271613400.0,0.0,301911940704.0,0.0,201443147089.0,100468793615.0,301911940704.0,0.0,10546642329725.0,4530132101076.0,4521070917076.0,2721930701144.0,688911706167.0,150380769671.0,267195903558.0,385144216152.0,99663906185.0,0.0,0.0,81661534039.0,126182180160.0,9061184000.0,0.0,0.0,218668000.0,0.0,0.0,0.0,0.0,6016510228649.0,6016510228649.0,2276123620000.0,991261882458.0,0.0,-4908890000.0,0.0,0.0,800503556918.0,0.0,0.0,1953530059273.0,0.0,0.0,0.0,0.0,0.0,0.0,0.0,10546642329725.0,,0.0,0.0,0.0,858854520.0,0.0,0.0,0.0,0.0,0.0,30795369850.0,0.0,0.0,0.0,0.0,0.0,0.0,0.0,0.0,0.0,0.0,0.0,0.0,,0.0,2276123620000.0,0.0,920611645232.0,1032918414041.0,30795369850.0,0.0,0.0
2022-Q1,quarter,PNJ,10092832404086.0,2450596250067.0,2450596250067.0,0.0,0.0,0.0,0.0,0.0,131493899893.0,63076396706.0,43381886893.0,0.0,0.0,25605848934.0,7448444344430.0,7448444344430.0,62297909696.0,0.0,50929461317.0,7070122090.0,4298326289.0,62297909696.0,0.0,1317373237619.0,85386002764.0,0.0,0.0,85386002764.0,894266197733.0,247176575626.0,636626235966.0,0.0,697774918988.0,0.0,-389449660340.0,0.0,-50685296881.0,0.0,0.0,636626235966.0,0.0,697774918988.0,0.0,-389449660340.0,0.0,-50685296881.0,0.0,647089622107.0,636626235966.0,0.0,697774918988.0,0.0,-389449660340.0,0.0,-50685296881.0,0.0,0.0,0.0,636626235966.0,0.0,697774918988.0,0.0,-389449660340.0,0.0,-50685296881.0,0.0,0.0,0.0,395271613400.0,0.0,306946265512.0,0.0,206156100246.0,100790165266.0,306946265512.0,0.0,11410205641705.0,3401972397021.0,3324873267299.0,1831480344426.0,487149447743.0,146405849411.0,222380436853.0,304907887326.0,93495240164.0,0.0,0.0,90585760325.0,118338994563.0,77099129722.0,0.0,0.0,218668000.0,0.0,0.0,0.0,0.0,8008233244684.0,8008233244684.0,2426123620000.0,2252208432458.0,0.0,-4908890000.0,0.0,0.0,800503556918.0,0.0,0.0,2534306525308.0,0.0,0.0,0.0,0.0,0.0,0.0,0.0,11410205641705.0,,0.0,0.0,0.0,1434565437.0,0.0,0.0,0.0,0.0,0.0,30774771610.0,0.0,0.0,0.0,0.0,0.0,0.0,0.0,0.0,0.0,0.0,0.0,0.0,,0.0,2426123620000.0,0.0,1813233873077.0,721072652231.0,30774771610.0,0.0,0.0
2022-Q2,quarter,PNJ,9707246758752.0,1308721905645.0,758721905645.0,550000000000.0,200000000000.0,0.0,200000000000.0,0.0,171293270697.0,51419722650.0,62698734000.0,0.0,0.0,28581291679.0,7959338719249.0,7959338719249.0,67892863161.0,0.0,60740505900.0,7114919053.0,37438208.0,67892863161.0,0.0,1312179959503.0,87676280011.0,0.0,0.0,87676280011.0,889464140789.0,240895451400.0,644967646945.0,0.0,704383207599.0,0.0,-404072195545.0,0.0,-55814518210.0,0.0,0.0,644967646945.0,0.0,704383207599.0,0.0,-404072195545.0,0.0,-55814518210.0,0.0,648568689389.0,644967646945.0,0.0,704383207599.0,0.0,-404072195545.0,0.0,-55814518210.0,0.0,0.0,0.0,644967646945.0,0.0,704383207599.0,0.0,-404072195545.0,0.0,-55814518210.0,0.0,0.0,0.0,395271613400.0,0.0,305517702539.0,0.0,204561322248.0,100956380291.0,305517702539.0,0.0,11019426718255.0,2989799059705.0,2980737875705.0,877359587501.0,588574815954.0,163273954464.0,286760140692.0,450623447135.0,175063064926.0,0.0,0.0,238262134535.0,163729965370.0,9061184000.0,0.0,0.0,218668000.0,0.0,0.0,0.0,0.0,8029627658550.0,8029627658550.0,2426123620000.0,2252208432458.0,0.0,-4908890000.0,0.0,0.0,1212120556918.0,0.0,0.0,2144083939174.0,0.0,0.0,0.0,0.0,0.0,0.0,0.0,11019426718255.0,,0.0,200000000000.0,0.0,598320445.0,30000000000.0,0.0,0.0,0.0,0.0,29521836164.0,0.0,200000000000.0,0.0,0.0,0.0,0.0,0.0,0.0,0.0,0.0,0.0,0.0,,0.0,2426123620000.0,0.0,1055976997477.0,1088106941697.0,29521836164.0,0.0,0.0
2022-Q3,quarter,PNJ,11157831550618.0,1175216404790.0,1075216404790.0,100000000000.0,400000000000.0,0.0,400000000000.0,0.0,220264984992.0,57117771307.0,68164967296.0,0.0,0.0,16986272451.0,9286907120718.0,9288603138318.0,75443040118.0,0.0,69737535610.0,5617761422.0,87743086.0,75443040118.0,0.0,1305377323166.0,89897250337.0,0.0,0.0,89897250337.0,883551694600.0,236522310970.0,655069383171.0,0.0,707010800099.0,0.0,-418547072201.0,0.0,-59981416469.0,0.0,0.0,655069383171.0,0.0,707010800099.0,0.0,-418547072201.0,0.0,-59981416469.0,0.0,647029383630.0,655069383171.0,0.0,707010800099.0,0.0,-418547072201.0,0.0,-59981416469.0,0.0,0.0,0.0,655069383171.0,0.0,707010800099.0,0.0,-418547072201.0,0.0,-59981416469.0,0.0,0.0,0.0,395271613400.0,0.0,302687704292.0,0.0,201393054845.0,101294649447.0,302687704292.0,0.0,12463208873784.0,4144990823455.0,4135929639455.0,1745693867417.0,822666830057.0,184948192360.0,282037213874.0,650045991865.0,162006098161.0,0.0,0.0,96176464383.0,162225674850.0,9061184000.0,0.0,0.0,218668000.0,0.0,0.0,0.0,0.0,8318218050329.0,8318218050329.0,2462478600000.0,2252173432458.0,0.0,-4908890000.0,0.0,0.0,1212120556918.0,0.0,0.0,2396354350953.0,0.0,0.0,0.0,0.0,0.0,0.0,0.0,12463208873784.0,,0.0,400000000000.0,0.0,3056964015.0,77000000000.0,0.0,0.0,0.0,0.0,29240673937.0,0.0,400000000000.0,0.0,0.0,0.0,0.0,0.0,0.0,0.0,0.0,0.0,0.0,,0.0,2462478600000.0,0.0,1055976997477.0,1340377353476.0,29240673937.0,0.0,0.0
2022-Q4,quarter,PNJ,11957919037553.0,879548130711.0,879548130711.0,0.0,200000000000.0,0.0,200000000000.0,0.0,292693996754.0,55927624932.0,61321514449.0,0.0,0.0,37641170145.0,10505985403103.0,10507995497735.0,79691506985.0,0.0,73755037532.0,5866940272.0,69529181.0,79691506985.0,0.0,1363185641918.0,93956493011.0,0.0,0.0,93956493011.0,882432821075.0,239734551747.0,672781337441.0,0.0,705939742348.0,0.0,-433046785694.0,0.0,-63241473020.0,0.0,0.0,672781337441.0,0.0,705939742348.0,0.0,-433046785694.0,0.0,-63241473020.0,0.0,642698269328.0,672781337441.0,0.0,705939742348.0,0.0,-433046785694.0,0.0,-63241473020.0,0.0,0.0,0.0,672781337441.0,0.0,705939742348.0,0.0,-433046785694.0,0.0,-63241473020.0,0.0,0.0,0.0,395271613400.0,0.0,357769168471.0,0.0,243656590750.0,114112577721.0,357769168471.0,0.0,13321104679471.0,4733304359351.0,4723338786351.0,2683045875772.0,267688089317.0,216009853540.0,290207125514.0,890487209178.0,98530177216.0,0.0,0.0,85123474476.0,162117674850.0,9965573000.0,0.0,0.0,218668000.0,0.0,0.0,0.0,0.0,8587800320120.0,8587800320120.0,2461716200000.0,2251376032458.0,0.0,-3384090000.0,0.0,0.0,1212120556918.0,0.0,0.0,2665971620744.0,0.0,0.0,0.0,0.0,0.0,0.0,0.0,13321104679471.0,,0.0,200000000000.0,0.0,666596536.0,140000000000.0,0.0,0.0,0.0,0.0,29027159361.0,0.0,200000000000.0,0.0,0.0,0.0,0.0,0.0,0.0,0.0,0.0,0.0,0.0,,0.0,2461716200000.0,0.0,859175348677.0,1806796272067.0,29027159361.0,0.0,0.0
2023-Q1,quarter,PNJ,11431928999885.0,549688731182.0,399688731182.0,150000000000.0,720000000000.0,0.0,720000000000.0,0.0,318431448191.0,77173962385.0,26955159075.0,0.0,0.0,36363884853.0,9766979047118.0,9771539141750.0,76829773394.0,0.0,72077024380.0,4655890693.0,96858321.0,76829773394.0,0.0,1398899167838.0,96806929059.0,0.0,0.0,96806929059.0,885404017845.0,247036862818.0,695804667779.0,0.0,707010800099.0,0.0,-448767804961.0,0.0,-68643645072.0,0.0,0.0,695804667779.0,0.0,707010800099.0,0.0,-448767804961.0,0.0,-68643645072.0,0.0,638367155027.0,695804667779.0,0.0,707010800099.0,0.0,-448767804961.0,0.0,-68643645072.0,0.0,0.0,0.0,695804667779.0,0.0,707010800099.0,0.0,-448767804961.0,0.0,-68643645072.0,0.0,0.0,0.0,395271613400.0,0.0,387559420570.0,0.0,267471292940.0,120088127630.0,387559420570.0,0.0,12830828167723.0,3638139765841.0,3621992685992.0,1674560502485.0,513545831462.0,249384527807.0,240334037468.0,608102244808.0,72694211450.0,0.0,0.0,72640667795.0,158754531115.0,16147079849.0,0.0,0.0,218668000.0,0.0,0.0,6181506849.0,0.0,9192688401882.0,9192688401882.0,3281691880000.0,1431400352458.0,0.0,-3384090000.0,0.0,0.0,1212120556918.0,0.0,0.0,3270859702506.0,0.0,0.0,0.0,0.0,0.0,0.0,0.0,12830828167723.0,,0.0,720000000000.0,0.0,801351186.0,180000000000.0,0.0,0.0,0.0,0.0,29128800364.0,0.0,720000000000.0,0.0,0.0,0.0,0.0,0.0,0.0,0.0,0.0,0.0,0.0,,0.0,3281691880000.0,0.0,2522265955474.0,748593747032.0,29128800364.0,0.0,0.0
2023-Q2,quarter,PNJ,12082561770023.0,498816248687.0,498816248687.0,0.0,1000067000000.0,0.0,1000067000000.0,0.0,382804171033.0,60018331916.0,55784415983.0,0.0,0.0,68550546502.0,10126952381180.0,10131421428688.0,73921969123.0,0.0,70369353785.0,3552615338.0,0.0,73921969123.0,0.0,1410292303608.0,100634495382.0,0.0,0.0,100634495382.0,877944089401.0,243908048674.0,707826960348.0,0.0,707010800099.0,0.0,-463918911674.0,0.0,-72974759372.0,0.0,0.0,707826960348.0,0.0,707010800099.0,0.0,-463918911674.0,0.0,-72974759372.0,0.0,634036040727.0,707826960348.0,0.0,707010800099.0,0.0,-463918911674.0,0.0,-72974759372.0,0.0,0.0,0.0,707826960348.0,0.0,707010800099.0,0.0,-463918911674.0,0.0,-72974759372.0,0.0,3980000000.0,0.0,399251613400.0,0.0,398717860448.0,0.0,279274384192.0,119443476256.0,398717860448.0,0.0,13492854073631.0,4298799532178.0,4288833959178.0,2246151537712.0,339323964282.0,143468997285.0,244959254651.0,809959116.0,707496903025.0,0.0,0.0,321744673541.0,249096031115.0,9965573000.0,0.0,0.0,218668000.0,0.0,0.0,0.0,0.0,9194054541453.0,9194054541453.0,3281691880000.0,1851376032458.0,0.0,-3384090000.0,0.0,0.0,1936397556918.0,0.0,0.0,2127973162077.0,0.0,0.0,0.0,0.0,0.0,0.0,0.0,13492854073631.0,,0.0,1000067000000.0,0.0,1303785940.0,202000000000.0,0.0,0.0,0.0,0.0,29015858377.0,0.0,1000067000000.0,0.0,0.0,3806506849.0,0.0,0.0,0.0,0.0,0.0,0.0,0.0,,0.0,3281691880000.0,0.0,1041790498074.0,1086182664003.0,29015858377.0,0.0,0.0
2023-Q3,quarter,PNJ,11615760175676.0,484626441925.0,484626441925.0,0.0,990100000000.0,0.0,990100000000.0,0.0,340516675915.0,61943435971.0,63010900161.0,0.0,0.0,53605524625.0,9709322163713.0,9713633211221.0,91194894123.0,0.0,87664472296.0,3530421827.0,0.0,91194894123.0,0.0,1439402544432.0,102535062693.0,0.0,0.0,102535062693.0,877758400149.0,248019354927.0,725077944771.0,0.0,707044918895.0,0.0,-477058589844.0,0.0,-77305873673.0,0.0,0.0,725077944771.0,0.0,707044918895.0,0.0,-477058589844.0,0.0,-77305873673.0,0.0,629739045222.0,725077944771.0,0.0,707044918895.0,0.0,-477058589844.0,0.0,-77305873673.0,0.0,0.0,0.0,725077944771.0,0.0,707044918895.0,0.0,-477058589844.0,0.0,-77305873673.0,0.0,3980000000.0,0.0,399251613400.0,0.0,426236933180.0,0.0,306516184812.0,119720748368.0,426236933180.0,0.0,13055162720108.0,3618163773368.0,3608198200368.0,1714452068045.0,127850102616.0,165339743006.0,268117290342.0,486272536229.0,428080619248.0,0.0,0.0,140940178165.0,245169531115.0,9965573000.0,0.0,0.0,218668000.0,0.0,0.0,0.0,0.0,9436998946740.0,9436998946740.0,3281691880000.0,1851376032458.0,0.0,-3384090000.0,0.0,0.0,1936397556918.0,0.0,0.0,2370917567364.0,0.0,0.0,0.0,0.0,0.0,0.0,0.0,13055162720108.0,,0.0,990100000000.0,0.0,1753532466.0,165000000000.0,0.0,0.0,0.0,0.0,28892148410.0,0.0,990100000000.0,0.0,0.0,0.0,0.0,0.0,0.0,0.0,0.0,0.0,0.0,,0.0,3281691880000.0,0.0,1031399810665.0,1339517756699.0,28892148410.0,0.0,0.0
2023-Q4,quarter,PNJ,12960105195555.0,896147917336.0,896147917336.0,0.0,810100000000.0,0.0,810100000000.0,0.0,217022941135.0,69277567110.0,25335539636.0,0.0,0.0,33527017708.0,10940937959289.0,10944749006797.0,95896377795.0,0.0,94051248427.0,1845129368.0,0.0,95896377795.0,0.0,1469837823096.0,104636239106.0,0.0,0.0,104636239106.0,882715109732.0,256373758673.0,747570855214.0,0.0,708071904553.0,0.0,-491197096541.0,0.0,-81730553494.0,0.0,0.0,747570855214.0,0.0,708071904553.0,0.0,-491197096541.0,0.0,-81730553494.0,0.0,626341351059.0,747570855214.0,0.0,708071904553.0,0.0,-491197096541.0,0.0,-81730553494.0,0.0,0.0,0.0,747570855214.0,0.0,708071904553.0,0.0,-491197096541.0,0.0,-81730553494.0,0.0,3980000000.0,0.0,399251613400.0,0.0,449406425848.0,0.0,329182091504.0,120224334344.0,449406425848.0,0.0,14429943018651.0,4623377386675.0,4613956644675.0,2384288254693.0,254517750807.0,212784493413.0,344288116659.0,603097782808.0,110233428978.0,0.0,0.0,232388394413.0,173297230370.0,9420742000.0,0.0,0.0,218668000.0,0.0,0.0,0.0,0.0,9806565631976.0,9806565631976.0,3281691880000.0,1851376032458.0,0.0,-3384090000.0,0.0,0.0,1936397556918.0,0.0,0.0,2740484252600.0,0.0,0.0,0.0,0.0,0.0,0.0,0.0,14429943018651.0,,0.0,810100000000.0,0.0,3932497518.0,90000000000.0,0.0,0.0,0.0,0.0,29100048410.0,0.0,810100000000.0,0.0,0.0,0.0,0.0,0.0,0.0,0.0,0.0,0.0,0.0,,0.0,3281691880000.0,0.0,769000107465.0,1971484145135.0,29100048410.0,0.0,0.0
2024-Q1,quarter,PNJ,11535215072835.0,1661537697277.0,1661537697277.0,0.0,100170000000.0,0.0,100170000000.0,0.0,178219136989.0,93419502629.0,29770024192.0,0.0,0.0,19692781922.0,9511111544269.0,9516922591777.0,84176694300.0,0.0,82977194189.0,1199500111.0,0.0,84176694300.0,0.0,1433713681749.0,104808131565.0,0.0,0.0,104808131565.0,867205620321.0,245269883618.0,751902520060.0,0.0,708106694553.0,0.0,-506632636442.0,0.0,-86170957850.0,0.0,0.0,751902520060.0,0.0,708106694553.0,0.0,-506632636442.0,0.0,-86170957850.0,0.0,621935736703.0,751902520060.0,0.0,708106694553.0,0.0,-506632636442.0,0.0,-86170957850.0,0.0,0.0,0.0,751902520060.0,0.0,708106694553.0,0.0,-506632636442.0,0.0,-86170957850.0,0.0,3980000000.0,0.0,399251613400.0,0.0,428712042613.0,0.0,308751010776.0,119961031837.0,428712042613.0,0.0,12968928754584.0,2494544996441.0,2485164254441.0,363505217783.0,333627091573.0,367133143830.0,299914886164.0,511133989758.0,138206192761.0,0.0,0.0,285896601288.0,156685938750.0,9380742000.0,0.0,0.0,178668000.0,0.0,0.0,0.0,0.0,10474383758143.0,10474383758143.0,3347291800000.0,1916907952458.0,0.0,-3384090000.0,0.0,0.0,1936397556918.0,0.0,0.0,3277170538767.0,0.0,0.0,0.0,0.0,0.0,0.0,0.0,12968928754584.0,,0.0,100170000000.0,0.0,386509083.0,40000000000.0,0.0,0.0,0.0,0.0,29007887250.0,0.0,100170000000.0,0.0,0.0,0.0,0.0,0.0,0.0,0.0,0.0,0.0,0.0,,0.0,3347291800000.0,0.0,2539363512000.0,737807026767.0,29007887250.0,0.0,0.0
2024-Q2,quarter,PNJ,11537870168993.0,1544061575711.0,1544061575711.0,0.0,170000000.0,0.0,170000000.0,0.0,195854790073.0,87316082483.0,50811288209.0,0.0,0.0,25738318367.0,9713005981593.0,9754430718324.0,84777821616.0,0.0,79853889367.0,1152687124.0,3771245125.0,84777821616.0,0.0,1429844612909.0,109252196104.0,0.0,0.0,109252196104.0,862653524107.0,245126577036.0,764515040944.0,0.0,708142194553.0,0.0,-519388463908.0,0.0,-90615247482.0,0.0,0.0,764515040944.0,0.0,708142194553.0,0.0,-519388463908.0,0.0,-90615247482.0,0.0,617526947071.0,764515040944.0,0.0,708142194553.0,0.0,-519388463908.0,0.0,-90615247482.0,0.0,0.0,0.0,764515040944.0,0.0,708142194553.0,0.0,-519388463908.0,0.0,-90615247482.0,0.0,3980000000.0,0.0,399251613400.0,0.0,424951005448.0,0.0,295069201397.0,129881804051.0,424951005448.0,0.0,12967714781902.0,2252908567487.0,2243527825487.0,259634186392.0,298982109767.0,194693693028.0,253628955061.0,702363797139.0,121592490460.0,0.0,0.0,130516530281.0,253054870825.0,9380742000.0,0.0,0.0,178668000.0,0.0,0.0,0.0,0.0,10714806214415.0,10714806214415.0,3347291800000.0,1916907952458.0,0.0,-3384090000.0,0.0,0.0,2626281556918.0,0.0,0.0,2827708995039.0,0.0,0.0,0.0,0.0,0.0,0.0,0.0,12967714781902.0,,0.0,170000000.0,0.0,334810883.0,40000000000.0,0.0,0.0,0.0,0.0,29007887250.0,0.0,170000000.0,0.0,0.0,0.0,0.0,0.0,0.0,0.0,0.0,0.0,0.0,,0.0,3347291800000.0,0.0,1661502512000.0,1166206483039.0,29007887250.0,0.0,0.0
2024-Q3,quarter,PNJ,13535308084055.0,1396669666014.0,996669666014.0,400000000000.0,950170000000.0,0.0,950170000000.0,0.0,278283783093.0,124556827222.0,93239686351.0,0.0,0.0,28470072863.0,10801601688892.0,10849406684029.0,108582946056.0,0.0,107433834921.0,1149111135.0,0.0,108582946056.0,0.0,1427177199972.0,113559945788.0,0.0,0.0,113559945788.0,862234627072.0,249140405046.0,783123886981.0,0.0,708142194553.0,0.0,-533983481935.0,0.0,-95047972527.0,0.0,0.0,783123886981.0,0.0,708142194553.0,0.0,-533983481935.0,0.0,-95047972527.0,0.0,613094222026.0,783123886981.0,0.0,708142194553.0,0.0,-533983481935.0,0.0,-95047972527.0,0.0,0.0,0.0,783123886981.0,0.0,708142194553.0,0.0,-533983481935.0,0.0,-95047972527.0,0.0,3980000000.0,0.0,399251613400.0,0.0,410351804419.0,0.0,280096384533.0,130255419886.0,410351804419.0,0.0,14962485284027.0,4438053268724.0,4428672526724.0,1470419844988.0,652908973354.0,170384977642.0,298681039604.0,812133158477.0,145001187040.0,0.0,0.0,598482032259.0,251600120826.0,9380742000.0,0.0,0.0,178668000.0,0.0,0.0,0.0,0.0,10524432015303.0,10524432015303.0,3380747760000.0,1950309912458.0,0.0,-3384090000.0,0.0,0.0,2626281556918.0,0.0,0.0,2570476875927.0,0.0,0.0,0.0,0.0,0.0,0.0,0.0,14962485284027.0,,0.0,950170000000.0,0.0,362906526.0,40000000000.0,0.0,0.0,0.0,0.0,37050822693.0,0.0,950170000000.0,0.0,0.0,0.0,0.0,0.0,0.0,0.0,0.0,0.0,0.0,,0.0,3380747760000.0,0.0,1188435208200.0,1382041667727.0,37050822693.0,0.0,0.0
2024-Q4,quarter,PNJ,15692597267632.0,1122712392130.0,1022712392130.0,100000000000.0,1020170000000.0,0.0,1020170000000.0,0.0,401134922152.0,70851635761.0,253102611434.0,0.0,0.0,64867442121.0,13015170477311.0,13074586927914.0,133409476039.0,0.0,132726608716.0,682867323.0,0.0,133409476039.0,0.0,1515133510053.0,115599492454.0,0.0,0.0,115599492454.0,857118818527.0,248430247930.0,796271142120.0,0.0,708142194553.0,0.0,-547840894190.0,0.0,-99453623956.0,0.0,0.0,796271142120.0,0.0,708142194553.0,0.0,-547840894190.0,0.0,-99453623956.0,0.0,608688570597.0,796271142120.0,0.0,708142194553.0,0.0,-547840894190.0,0.0,-99453623956.0,0.0,0.0,0.0,796271142120.0,0.0,708142194553.0,0.0,-547840894190.0,0.0,-99453623956.0,0.0,3980000000.0,0.0,399251613400.0,0.0,473732557913.0,0.0,276525499295.0,197207058618.0,473732557913.0,0.0,17207730777685.0,5952424147163.0,5941881733413.0,3341542016760.0,624291098148.0,188182044409.0,448697283312.0,596322426230.0,360040211420.0,0.0,0.0,106241642105.0,250017302726.0,10542413750.0,0.0,0.0,178668000.0,0.0,0.0,0.0,0.0,11255306630522.0,11255306630522.0,3380747760000.0,1950309912458.0,0.0,-3384090000.0,0.0,0.0,2626281556918.0,0.0,0.0,3301351491146.0,0.0,0.0,0.0,0.0,0.0,0.0,0.0,17207730777685.0,,0.0,1020170000000.0,0.0,831677115.0,40000000000.0,0.0,0.0,0.0,0.0,64702641159.0,0.0,1020170000000.0,0.0,0.0,0.0,0.0,0.0,0.0,0.0,0.0,0.0,0.0,,0.0,3380747760000.0,0.0,1188435208200.0,2112916282946.0,64702641159.0,0.0,0.0
2025-Q1,quarter,PNJ,15949659613642.0,256848695849.0,256848695849.0,0.0,1620725651855.0,0.0,1620725651855.0,0.0,304632445702.0,104257111442.0,117957363803.0,0.0,0.0,70657918746.0,13647265729372.0,13705778487258.0,120187090864.0,0.0,119723868238.0,463222626.0,0.0,120187090864.0,0.0,1469657699207.0,118129206365.0,0.0,0.0,118129206365.0,871957813290.0,267030503900.0,831295971071.0,0.0,708825666553.0,0.0,-564265467171.0,0.0,-103898357163.0,0.0,0.0,831295971071.0,0.0,708825666553.0,0.0,-564265467171.0,0.0,-103898357163.0,0.0,604927309390.0,831295971071.0,0.0,708825666553.0,0.0,-564265467171.0,0.0,-103898357163.0,0.0,0.0,0.0,831295971071.0,0.0,708825666553.0,0.0,-564265467171.0,0.0,-103898357163.0,0.0,3980000000.0,0.0,399251613400.0,0.0,445182919148.0,0.0,248312003324.0,196870915824.0,445182919148.0,0.0,17419317312849.0,5689025894402.0,5678483480652.0,3488032587304.0,559298750005.0,143136652593.0,358046275587.0,485033158208.0,271492484536.0,0.0,0.0,106023347455.0,240872516661.0,10542413750.0,0.0,0.0,178668000.0,0.0,0.0,0.0,0.0,11730291418447.0,11730291418447.0,3380747760000.0,1950309912458.0,0.0,-3384090000.0,0.0,0.0,2626281556918.0,0.0,0.0,3776336279071.0,0.0,0.0,0.0,0.0,0.0,0.0,0.0,17419317312849.0,,0.0,1620725651855.0,0.0,278495990.0,40000000000.0,0.0,0.0,0.0,0.0,30407760404.0,0.0,1620725651855.0,0.0,0.0,0.0,0.0,0.0,0.0,0.0,0.0,0.0,0.0,,0.0,3380747760000.0,0.0,3098608360946.0,677727918125.0,30407760404.0,0.0,0.0
2025-Q2,quarter,PNJ,15713933648138.0,346404312952.0,339404312952.0,7000000000.0,1369091673893.0,98921673893.0,1369091673893.0,98921673893.0,166359422956.0,55983103364.0,52739479784.0,0.0,0.0,86021100245.0,13708719465746.0,13753709950595.0,123358772591.0,0.0,122958860744.0,399911847.0,0.0,123358772591.0,0.0,1439843389653.0,117815539075.0,0.0,0.0,117815539075.0,853355575866.0,252699361405.0,833097801697.0,0.0,708825666553.0,0.0,-580398440292.0,0.0,-108169452092.0,0.0,0.0,833097801697.0,0.0,708825666553.0,0.0,-580398440292.0,0.0,-108169452092.0,0.0,600656214461.0,833097801697.0,0.0,708825666553.0,0.0,-580398440292.0,0.0,-108169452092.0,0.0,0.0,0.0,833097801697.0,0.0,708825666553.0,0.0,-580398440292.0,0.0,-108169452092.0,0.0,5930000000.0,0.0,401201613400.0,0.0,406807325748.0,0.0,206309098650.0,200498227098.0,406807325748.0,0.0,17153777037791.0,5184392368530.0,5173829954780.0,3096292371490.0,206132232648.0,133331530693.0,331216154470.0,669839622711.0,250170087995.0,0.0,0.0,118458975811.0,341841270659.0,10562413750.0,0.0,0.0,198668000.0,0.0,0.0,0.0,0.0,11969384669261.0,11969384669261.0,3380747760000.0,1950309912458.0,0.0,-3384090000.0,0.0,0.0,3471447556918.0,0.0,0.0,3170263529885.0,0.0,0.0,0.0,0.0,0.0,0.0,0.0,17153777037791.0,,0.0,1270170000000.0,0.0,134183842.0,0.0,0.0,0.0,0.0,0.0,55934948964.0,0.0,1270170000000.0,0.0,0.0,0.0,0.0,0.0,0.0,0.0,0.0,0.0,0.0,,0.0,3380747760000.0,0.0,2055538360946.0,1114725168939.0,55934948964.0,0.0,0.0
2025-Q3,quarter,PNJ,15664103070660.0,584695579192.0,542695579192.0,42000000000.0,2246459134416.0,99289134416.0,2246459134416.0,99289134416.0,259873714991.0,106384593691.0,58899696598.0,0.0,0.0,82869872822.0,12448786823997.0,12494991997766.0,124287818064.0,0.0,121247159338.0,318803713.0,2721855013.0,124287818064.0,0.0,1386604619560.0,118147518870.0,0.0,0.0,118147518870.0,864837183955.0,242298081088.0,839052084137.0,0.0,734954066553.0,0.0,-596754003049.0,0.0,-112414963686.0,0.0,0.0,839052084137.0,0.0,734954066553.0,0.0,-596754003049.0,0.0,-112414963686.0,0.0,622539102867.0,839052084137.0,0.0,734954066553.0,0.0,-596754003049.0,0.0,-112414963686.0,0.0,0.0,0.0,839052084137.0,0.0,734954066553.0,0.0,-596754003049.0,0.0,-112414963686.0,0.0,5930000000.0,0.0,401201613400.0,0.0,366950619371.0,0.0,166095473834.0,200855145537.0,366950619371.0,0.0,17050707690220.0,5058685745602.0,5046824044102.0,2332603024492.0,112776490287.0,127598662992.0,337294158072.0,822242886587.0,304484221282.0,0.0,0.0,646414796428.0,336862095659.0,11861701500.0,0.0,0.0,1715384000.0,0.0,0.0,0.0,0.0,11992021944618.0,11992021944618.0,3380747760000.0,1950309912458.0,0.0,-3384090000.0,0.0,0.0,3471447556918.0,0.0,0.0,3192900805242.0,0.0,0.0,0.0,0.0,0.0,0.0,0.0,17050707690220.0,,0.0,2147170000000.0,0.0,251139267.0,40000000000.0,0.0,0.0,0.0,0.0,30739297364.0,0.0,2147170000000.0,0.0,0.0,0.0,0.0,0.0,0.0,0.0,0.0,0.0,0.0,,0.0,3380747760000.0,0.0,1582471057146.0,1610429748096.0,30739297364.0,0.0,0.0
2025-Q4,quarter,PNJ,18614031193890.0,522025257031.0,438425257031.0,83600000000.0,2007488137408.0,97918137408.0,2007488137408.0,97918137408.0,153980309545.0,48760415990.0,38085152243.0,0.0,0.0,90681158676.0,15835334529837.0,15881309718303.0,95202960069.0,0.0,94862372660.0,234579085.0,106008324.0,95202960069.0,0.0,1549599053151.0,121168536356.0,0.0,0.0,121168536356.0,855770473476.0,236245161003.0,845032678156.0,0.0,734945157553.0,0.0,-608787517153.0,0.0,-115419845080.0,0.0,0.0,845032678156.0,0.0,734945157553.0,0.0,-608787517153.0,0.0,-115419845080.0,0.0,619525312473.0,845032678156.0,0.0,734945157553.0,0.0,-608787517153.0,0.0,-115419845080.0,0.0,0.0,0.0,845032678156.0,0.0,734945157553.0,0.0,-608787517153.0,0.0,-115419845080.0,0.0,5930000000.0,0.0,401201613400.0,0.0,472022383285.0,0.0,144500376660.0,327522006625.0,472022383285.0,0.0,20163630247041.0,6888716787629.0,6874318773629.0,4223385635653.0,333861329514.0,182492529057.0,777717691575.0,569308694234.0,321827090456.0,0.0,0.0,103175435252.0,335975695659.0,14398014000.0,0.0,0.0,1715384000.0,0.0,0.0,0.0,0.0,13274913459412.0,13274913459412.0,3413186660000.0,1982694812458.0,0.0,-3384090000.0,0.0,0.0,3471447556918.0,0.0,0.0,4410968520036.0,0.0,0.0,0.0,0.0,0.0,0.0,0.0,20163630247041.0,,0.0,1909570000000.0,0.0,372199982.0,8000000000.0,0.0,0.0,0.0,0.0,94707660034.0,0.0,1909570000000.0,0.0,0.0,0.0,0.0,0.0,0.0,0.0,0.0,0.0,0.0,,0.0,3413186660000.0,0.0,1582471057146.0,2828497462890.0,94707660034.0,0.0,0.0
2026-Q1,quarter,PNJ,18163447994797.0,923543256525.0,494094441452.0,429448815073.0,3586408376030.0,99074794328.0,3586408376030.0,99074794328.0,147751795669.0,70317151861.0,31524838891.0,0.0,0.0,77663271162.0,13419012225443.0,13461111273984.0,86732341130.0,170838603.0,86102687044.0,447316184.0,11499299.0,86732341130.0,170838603.0,1529337560992.0,120511022383.0,0.0,0.0,120511022383.0,914701489275.0,246222148323.0,870508552693.0,0.0,786221455940.0,0.0,-624286404370.0,0.0,-117742114988.0,0.0,0.0,870508552693.0,0.0,786221455940.0,0.0,-624286404370.0,0.0,-117742114988.0,0.0,668479340952.0,870508552693.0,0.0,786221455940.0,0.0,-624286404370.0,0.0,-117742114988.0,0.0,0.0,0.0,870508552693.0,0.0,786221455940.0,0.0,-624286404370.0,0.0,-117742114988.0,0.0,5930000000.0,0.0,401201613400.0,0.0,455838389300.0,0.0,128252539946.0,327585849354.0,455838389300.0,0.0,19692785555789.0,5291615882033.0,5277290943535.0,2893621845273.0,281696553533.0,142718937533.0,592358238712.0,692988649300.0,206153613745.0,0.0,0.0,93657157854.0,335829695659.0,14324938498.0,0.0,0.0,1715384000.0,0.0,0.0,0.0,0.0,14401169673756.0,14401169673756.0,3413186660000.0,1982694812458.0,0.0,-3384090000.0,0.0,0.0,3471447556918.0,0.0,0.0,5537224734380.0,0.0,0.0,0.0,0.0,0.0,0.0,0.0,19692785555789.0,,0.0,3487333581702.0,0.0,165151101.0,0.0,0.0,0.0,0.0,0.0,32356660034.0,0.0,3487333581702.0,0.0,0.0,0.0,0.0,0.0,0.0,0.0,0.0,0.0,0.0,,0.0,3413186660000.0,0.0,4069819413036.0,1467405321344.0,32356660034.0,0.0,0.0
